App,Category,Rating,Reviews,Size,Installs,Type,Price,Content Rating,Genres,Last Updated,Current Ver,Android Ver
Just She - Top Lesbian Dating,6,1.9,953,19.0,100000,0,0.0,2,12,2018-07-18,6,5.0
Just She - Top Lesbian Dating,6,1.9,953,19.0,100000,0,0.0,2,12,2018-07-18,6,5.0
House party - live chat,6,1.0,1,9.2,10,0,0.0,2,12,2018-07-31,3,4.029999999999999
Just She - Top Lesbian Dating,6,1.9,954,19.0,100000,0,0.0,2,12,2018-07-18,6,5.0
C by GE,17,1.7,686,6.6,10000,0,0.0,0,22,2018-07-11,4,4.3
Speech Therapy: F,10,1.0,1,16.0,10,1,2.99,0,13,2016-10-07,1,2.33
G-Playlists,28,1.8,53,3.4,1000,1,1.49,0,39,2018-05-19,1,4.029999999999999
Q-Tech Companion App,12,1.8,17,3.1,10000,0,0.0,0,18,2017-03-08,1,4.4
W Box VMS,30,1.9,105,9.1,10000,0,0.0,0,42,2017-01-09,4,2.33
Smart-AC Universal Remote Free,10,1.8,3270,1.8,500000,0,0.0,0,15,2015-08-18,1,2.2
AC REMOTE UNIVERSAL-PRO,10,1.6,402,1.7,100000,0,0.0,0,15,2015-12-11,1,2.2
Kenmore Smart AC,17,1.9,71,24.0,5000,0,0.0,0,22,2017-05-08,1,4.4
A/C REFRIGERANT CAPACITY,3,1.7,84,2.1,10000,0,0.0,0,7,2014-10-28,1,4.1
ESS Mobile for AE,24,1.9,63,1.8,5000,0,0.0,0,30,2016-09-27,2,3.0
Clarksburg AH,19,1.0,1,28.0,50,0,0.0,0,24,2017-05-01,300000,4.029999999999999
A&W Restaurants,12,1.7,14,13.0,1000,0,0.0,0,18,2018-06-06,2,4.1
Loreal - BA Makeup,28,1.9,8,6.7,1000,0,0.0,0,39,2018-04-18,1,4.029999999999999
Truck Driving Test Class 3 BC,10,1.0,1,2.0,50,1,1.49,0,13,2012-04-09,1,2.1
BD Provider App,14,1.4,45,13.0,5000,0,0.0,0,19,2016-09-12,1,4.1
BG TV App,10,1.7,6,2.9,100,0,0.0,0,15,2017-12-21,1,4.1
BJ Bridge Standard American 2018,13,1.0,1,4.9,1000,0,0.0,0,8,2018-05-21,6,4.0
MbH BM,19,1.0,1,2.3,100,0,0.0,0,24,2016-12-14,1,4.3
Yuzu eReader,10,1.9,250,0.0,50000,0,0.0,0,13,2018-07-18,0,0.0
Wireless BP,19,1.8,30,0.887,500,0,0.0,0,24,2016-05-27,1,4.3
bp Magazine for Bipolar,17,1.8,5,18.0,1000,0,0.0,1,22,2018-02-12,26,4.1
Pick-a-Paint,17,1.6,242,36.0,50000,0,0.0,0,22,2018-05-14,1,3.0
BR Chat Bot,26,1.9,16,2.6,1000,0,0.0,0,36,2016-06-30,1,4.0
Boston University Alumni,10,1.8,5,5.2,1000,0,0.0,0,13,2017-12-02,4,4.4
Bitcoin BX Thailand PRO,11,1.7,21,21.0,100,1,4.99,0,17,2017-10-22,5,4.029999999999999
CB Mobile Access,11,1.5,57,25.0,1000,0,0.0,0,17,2018-02-26,4,4.2
CB Mobile Biz,11,1.0,3,8.4,500,0,0.0,0,17,2016-02-22,4,4.0
CF Climb,17,1.5,2,3.0,100,0,0.0,0,22,2018-06-07,3,2.3
Thistletown CI,24,1.0,1,6.6,100,0,0.0,0,30,2018-03-15,41,4.1
CJ Fallon eBook Reader,10,1.9,76,14.0,5000,0,0.0,0,13,2014-02-13,2,3.0
CJ DVD Rentals,5,1.0,5,13.0,100,0,0.0,0,11,2017-10-06,1,4.1
Co Checker,28,1.9,12,2.0,1000,0,0.0,0,39,2017-10-20,1,4.3
Co-op Connections,25,1.6,8,18.0,1000,0,0.0,0,34,2018-05-03,1,4.1
Hercules CP Mobile,28,1.4,20,4.1,1000,0,0.0,0,39,2018-07-06,2,4.3
CR Magazine,3,1.0,1,7.8,100,0,0.0,0,7,2014-07-23,2,2.33
Tech CU Card Manager,11,1.0,2,7.2,1000,0,0.0,0,17,2017-07-25,1,4.0
CW TV,20,1.7,367,6.1,50000,0,0.0,0,26,2018-03-02,1,4.0
DB Transport,18,1.9,179,10.0,10000,0,0.0,0,23,2018-03-13,3,4.1
Quiz DC,13,1.4,33,3.1,1000,0,0.0,0,41,2017-12-25,1,4.1
DS Creator 2.0,28,1.0,2,4.4,500,0,0.0,0,39,2018-03-23,2,4.0
DS-20000S,24,1.8,12,14.0,1000,0,0.0,0,30,2018-08-03,1,4.1
DT Smart,28,1.6,39,8.9,1000,0,0.0,0,39,2017-12-07,1,4.1
DT Baby Cam,28,1.7,10,23.0,500,0,0.0,0,39,2017-12-05,3,2.2
DT future1 cam,28,1.0,1,24.0,50,0,0.0,0,39,2018-03-27,3,2.2
EB Mobile,10,1.7,1172,5.6,10000,0,0.0,0,13,2017-10-09,1,4.1
Furrion ES Control,30,1.8,26,2.7,5000,0,0.0,0,42,2016-09-29,1,4.2
TAXLANDIA,10,1.9,141,65.0,1000,0,0.0,0,14,2018-03-06,1,4.3
EY TaxChat,11,1.2,44,27.0,1000,0,0.0,0,17,2018-04-09,3,6.0
FE Mechanical Engineering Prep,10,1.0,2,21.0,1000,0,0.0,0,13,2018-07-27,5,5.0
Familial Hypercholesterolaemia Handbook,19,1.0,2,33.0,100,0,0.0,0,24,2018-07-02,2,4.1
FK Atlantas,27,1.5,2,26.0,5,0,0.0,0,37,2018-02-21,1,4.1
Lottery Ticket Checker - Florida Results & Lotto,28,1.0,3,41.0,500,0,0.0,0,39,2017-12-12,1,4.2
Outdoor Movies BC,9,2.9,7,0.0,500,0,0.0,0,16,2018-06-22,0,4.4
DG Smart life,28,2.1,14,28.0,1000,0,0.0,0,39,2017-09-07,1,4.1
DS Connector 2.0,28,2.6,5,0.636,500,0,0.0,0,39,2018-03-23,2,4.2
Pint - FN Theme,22,2.5,6,0.234,100,0,0.0,0,28,2013-08-10,1,2.2
EF-myHR,11,2.9,26,36.0,1000,0,0.0,0,17,2018-02-21,1,4.0
CSCS BG (–≤ –±—ä–ª–≥–∞—Ä—Å–∫–∏),10,2.4,7,2.1,100,1,3.99,0,13,2017-03-23,1,4.029999999999999
EZ Inspections,24,2.8,160,7.6,10000,0,0.0,0,30,2018-07-27,4,4.2
Truck Chat & CB for Truckers,18,2.7,89,2.3,10000,0,0.0,2,23,2018-07-31,1,4.029999999999999
EZ Pass,28,2.5,15,0.228,5000,0,0.0,0,39,2016-09-10,1,2.3
ClanHQ,5,2.7,560,37.0,10000,0,0.0,0,11,2018-07-25,1,4.4
DRC Sim - Wii U Gamepad,10,2.4,210,4.0,10000,0,0.0,0,9,2017-06-25,2,2.3
EliteSingles ‚Äì Dating for Single Professionals,6,2.5,5377,19.0,500000,0,0.0,2,12,2018-07-31,4,4.029999999999999
W Box VMS HD,30,2.5,24,16.0,5000,0,0.0,0,42,2017-01-04,4,3.0
Break the Egg,10,2.6,366,6.0,50000,0,0.0,0,15,2018-01-05,1,4.0
Fossil Q,17,2.9,6627,18.0,500000,0,0.0,0,22,2018-08-01,2,4.4
FE Civil Engineering Exam Prep,10,2.8,9,21.0,1000,0,0.0,0,13,2018-07-27,5,5.0
bitcoin exchange bx thailand,11,2.9,19,2.2,5000,0,0.0,0,17,2017-06-26,1,4.4
BringGo AU & NZ,18,2.8,440,23.0,10000,1,0.99,0,23,2018-05-10,2,2.33
Free Coupons for Burger King,17,2.8,17,3.1,5000,0,0.0,0,22,2018-07-29,1,4.4
DM airdisk,28,2.8,11,11.0,1000,0,0.0,0,39,2016-08-05,1,3.0
REI Co-op Mastercard,11,2.9,320,23.0,10000,0,0.0,0,17,2018-06-14,2,4.4
Dagens Nyheter,20,2.5,2055,17.0,100000,0,0.0,0,26,2018-07-04,4,4.4
X-ray scanner simulator,10,2.7,1616,3.0,500000,0,0.0,0,9,2017-01-08,7,2.1
I am extremely Rich,17,2.9,41,2.9,1000,1,379.99,0,22,2018-07-01,1,4.0
fi,10,2.9,691,5.8,100000,0,0.0,0,38,2016-06-08,1,4.0
EZ-ELD Driver App (Free),1,2.1,83,4.8,5000,0,0.0,0,4,2018-07-29,1,4.3
FitConsole,14,2.6,219,1.8,50000,0,0.0,0,19,2015-10-30,v1,4.0
EG Retail,3,2.4,29,16.0,500,0,0.0,0,7,2018-07-05,2,4.1
Selfie DV,28,2.8,29,14.0,1000,0,0.0,0,39,2017-04-24,2,4.029999999999999
NissanConnect¬Æ EV & Services,17,2.3,853,88.0,50000,0,0.0,0,22,2018-07-20,6,4.4
Anthem Anywhere,19,2.7,2657,24.0,500000,0,0.0,0,24,2018-07-27,8,4.4
Advanced EX for RENAULT,28,2.8,130,0.143,5000,1,4.99,0,39,2015-03-14,1,1.6
BG Score,27,2.6,64,1.6,10000,0,0.0,0,37,2017-07-26,2,4.029999999999999
DQ Events,3,2.3,41,20.0,10000,0,0.0,0,7,2017-12-20,1,4.0
Patient Portal,19,2.8,66,1.2,50000,0,0.0,0,24,2016-10-25,1,4.029999999999999
HTC Sense Input-BG,28,2.7,198,2.8,100000,0,0.0,0,39,2014-04-22,9,4.1
TOSHIBA Smart AC,28,2.6,60,18.0,10000,0,0.0,0,39,2018-08-04,2,4.029999999999999
Q-See Plus,30,2.2,32,33.0,5000,0,0.0,0,42,2018-07-09,3,4.029999999999999
Sports DV,17,2.1,86,29.0,10000,0,0.0,0,22,2018-07-17,3,4.3
[verify-U] VideoIdent,5,2.9,83,13.0,10000,0,0.0,0,11,2018-04-26,2,5.0
InfantRisk Center HCP,19,2.6,41,14.0,1000,1,9.99,0,24,2015-05-06,1,2.33
Libre Scan (Diabetes:M addon),19,2.4,102,1.2,10000,0,0.0,0,24,2017-07-09,1,4.4
Calculator,6,2.6,57,6.2,1000,1,6.99,0,12,2017-10-25,1,4.0
EZ Display,24,2.9,280,1e-05,50000,0,0.0,0,30,2014-11-14,1,4.0
Bt Notifier -Smartwatch notice,28,2.8,632,8.2,500000,0,0.0,0,39,2017-05-23,1,6.0
EY Events,3,2.5,31,54.0,10000,0,0.0,0,7,2018-04-04,2,4.1
Ag PhD Soils,24,2.3,3,16.0,1000,0,0.0,0,30,2018-07-16,1,4.4
My BP Lab,14,2.6,186,25.0,10000,0,0.0,0,19,2018-05-19,1,8.0
J - Style Pro,14,2.3,74,2.6,10000,0,0.0,0,19,2016-01-20,1,4.3
Anthem BC Anywhere,19,2.6,496,24.0,100000,0,0.0,0,24,2018-07-27,8,4.4
CF Appreciation,17,2.0,11,6.2,1000,0,0.0,0,22,2018-06-12,2,4.1
DM EVOLUTION,13,2.5,450,97.0,10000,0,0.0,0,8,2018-07-23,2,4.1
bz Basel News,20,2.2,23,33.0,1000,0,0.0,0,26,2018-06-06,1,5.0
BlitzWolf Shutter - BW Shutter,23,2.9,333,1.8,50000,0,0.0,0,29,2017-11-22,1,4.0
App Seguridad AV Villas,11,2.3,251,5.7,50000,0,0.0,0,17,2017-10-12,1,4.0
Hi-Smart AC,28,2.2,32,9.4,1000,0,0.0,0,39,2018-04-03,1,4.4
Company Kitchen,17,2.8,81,7.7,10000,0,0.0,0,22,2018-03-06,2,2.33
DW Mobile,3,2.7,33,0.0,10000,0,0.0,0,7,2018-01-23,0,0.0
How Do I Look,23,2.7,3032,2.8,500000,0,0.0,0,29,2017-12-08,1,3.0
AZ REMOTE CONTROL,28,2.1,149,2.8,50000,0,0.0,0,39,2016-03-28,1,3.2
PLAYBULB X,17,2.9,2160,15.0,100000,0,0.0,0,22,2018-06-25,1,4.3
Check Lottery Tickets - Florida,10,2.0,27,31.0,5000,0,0.0,3,15,2017-10-17,2,4.029999999999999
BW App,17,2.8,48,12.0,5000,0,0.0,0,22,2017-09-27,2,4.0
FreedomPop Diagnostics,28,2.9,452,7.0,100000,0,0.0,0,39,2017-07-17,1,4.029999999999999
My Truck,28,2.5,247,8.2,10000,0,0.0,0,39,2017-03-15,1,4.2
CF SHOP!,17,2.8,88,43.0,10000,0,0.0,0,22,2018-06-30,1,4.4
Aster DM Healthcare,19,2.4,32,8.5,5000,0,0.0,0,24,2017-11-21,1,4.029999999999999
Feel Performer,5,2.2,62,34.0,10000,0,0.0,0,11,2018-04-09,2,4.1
BH by Kinomap,14,2.9,141,22.0,10000,0,0.0,0,19,2018-07-30,3,4.1
3D Holograms Joke,10,2.9,31596,31.0,5000000,0,0.0,3,35,2016-12-23,1,2.3
Svenska Dagbladet,20,2.6,820,0.0,100000,0,0.0,0,26,2018-02-13,0,0.0
Fisher-Price¬Æ Smart Connect‚Ñ¢,28,2.7,422,72.0,50000,0,0.0,0,39,2018-02-23,2,4.4
SharedCare‚Ñ¢ Co-parenting,21,2.0,23,0.0,100,1,4.59,0,27,2016-06-19,3,4.0
Candy simply-Fi,17,2.1,2390,35.0,100000,0,0.0,0,22,2018-07-17,1,4.4
5 Minute Veterinary Consult: Canine & Feline,19,2.3,17,6.8,1000,0,0.0,0,24,2018-03-29,2,4.2
VMAX IP Plus Mobile Client,3,2.0,9,3.4,1000,0,0.0,0,7,2017-06-09,1,2.3
B.GOOD,12,2.9,155,20.0,10000,0,0.0,0,18,2018-04-04,4,4.1
AJ Bell Youinvest,11,2.8,135,5.3,10000,0,0.0,0,17,2018-06-04,2,4.4
EURES - Your Job in Europe,3,2.7,358,2.0,50000,0,0.0,0,7,2017-09-18,1,2.33
Club Penguin Island,10,2.8,107441,32.0,1000000,0,0.0,0,9,2018-07-10,1,4.4
Bullshit! (Free),13,2.4,45,4.1,10000,0,0.0,3,8,2016-08-26,1,4.1
Brandon Lakes AH,19,2.6,5,27.0,100,0,0.0,0,24,2017-05-05,300000,4.029999999999999
CG Fit Scale,14,2.6,13,3.3,1000,0,0.0,0,19,2015-10-13,1,4.0
Interactive NPC DM Tool,10,2.8,5,0.629,50,1,0.99,0,33,2015-01-31,1,2.33
Run on Earth,14,2.4,577,3.7,50000,0,0.0,0,19,2018-04-25,1,4.0
Gold Teeth Photo Editor,23,2.8,1022,3.8,100000,0,0.0,0,29,2016-08-24,2,2.3
Z App,17,2.8,405,25.0,50000,0,0.0,0,22,2018-06-22,4,4.4
mobileRx Pharmacy,19,2.5,124,43.0,10000,0,0.0,0,24,2017-01-13,3,3.0
Adult Dirty Emojis,6,2.8,80,5.5,10000,0,0.0,3,12,2017-11-06,1,4.029999999999999
DT NO.I,14,2.4,44,49.0,1000,0,0.0,0,19,2018-08-01,V1,4.3
DM Me - Chat,26,2.9,90,30.0,10000,0,0.0,2,36,2018-07-09,1,4.029999999999999
AF Hydro,14,2.0,136,15.0,10000,0,0.0,0,19,2018-05-12,1,4.4
TNEB Bill Checker / TNEB Bill Status,11,2.5,2,5.0,1000,0,0.0,0,17,2018-03-03,2,4.029999999999999
PS4 Second Screen,10,2.4,11773,3.3,1000000,0,0.0,0,15,2018-06-13,18,4.1
Ai-Ball AV Recorder,23,2.7,90,4.0,5000,1,2.99,0,29,2017-10-19,13,2.33
First Hawaiian Bank Mobile,11,2.1,232,29.0,10000,0,0.0,0,17,2018-05-09,18,5.0
DN eAvis,20,2.9,61,4.1,10000,0,0.0,0,26,2017-02-01,2,4.1
EF Go Ahead Tour Companion,29,2.3,23,43.0,1000,0,0.0,0,40,2018-06-18,3,4.4
Turbo AI‚Ñ¢ - Personal assistant,24,2.6,91,2.8,5000,0,0.0,0,30,2018-07-16,0,4.029999999999999
Thrive CF,14,2.2,6,8.0,100,0,0.0,0,19,2018-01-05,1,4.3
Bono‚Äôs Pit Bar-B-Q,10,2.3,3,36.0,1000,0,0.0,1,15,2018-01-23,2,2.33
Safe Wi-Fi,24,2.9,32,9.7,1000,0,0.0,0,30,2018-08-03,1,4.4
Bomb and Nade Timer for CS:GO,24,2.6,85,6.0,5000,0,0.0,0,30,2016-04-21,1,4.0
UM BP Track,19,2.0,1,29.0,50,0,0.0,0,24,2017-06-27,7,5.0
CJ Fitness,14,2.4,221,43.0,10000,0,0.0,0,19,2018-02-14,4,4.1
Live DV,23,2.0,16,17.0,1000,0,0.0,0,29,2018-05-09,1,4.4
SkyTest BU/GU Lite,3,2.9,28,20.0,500,1,17.99,0,7,2017-10-24,2,3.0
EI SmartMiles,11,2.4,9,3.8,1000,0,0.0,0,17,2018-01-21,1,4.0
Hungry Girl Diet Bk. Companion,14,2.2,4,28.0,1000,0,0.0,0,19,2018-02-01,1,4.0
CZ File Manager,28,2.2,876,8.7,1000000,0,0.0,0,39,2018-08-06,3,4.2
Anthem Anywhere,19,2.7,2657,24.0,500000,0,0.0,0,24,2018-07-27,8,4.4
DrivingTest,10,2.9,975,45.0,100000,0,0.0,0,35,2017-02-27,5,4.1
Ah! Coins,13,3.4,256,9.1,50000,0,0.0,0,0,2016-12-08,1,2.3
CT Lottery,10,3.8,271,8.3,50000,0,0.0,3,15,2017-06-12,1,4.0
Sci Fi Sounds,10,3.2,4,8.0,1000,0,0.0,0,15,2017-11-02,1,4.0
Fake Call From Wengie Prank,10,3.5,352,3.8,50000,0,0.0,0,15,2017-07-23,1,3.0
Bluetooth Control BT->uC FREE,28,3.8,67,2.7,10000,0,0.0,0,39,2016-06-06,1,3.0
Little Caesars,12,3.3,1726,30.0,500000,0,0.0,0,18,2018-07-19,4,4.4
"Izneo, Read Manga, Comics & BD",4,3.3,1476,18.0,500000,0,0.0,3,10,2018-06-11,7,4.0
AT&T U-verse,10,3.7,38606,96.0,1000000,0,0.0,0,15,2018-06-13,5,4.1
Nucleus Smart,19,3.7,20,19.0,1000,0,0.0,0,24,2018-06-27,1,5.0
DW Spectrum‚Ñ¢ IP VMS,3,3.4,102,2.4,10000,0,0.0,0,7,2016-04-14,2,2.2
Elmo Calls by Sesame Street,10,3.9,6903,25.0,1000000,0,0.0,0,14,2018-01-31,2,2.3
Eye Transplant : ER Emergency Hospital,10,3.9,1938,62.0,1000000,0,0.0,3,14,2018-05-25,1,4.1
FL State Parks Guide,29,3.7,871,45.0,100000,0,0.0,0,40,2017-10-27,5,4.4
Ghost In Photo,23,3.9,28429,14.0,5000000,0,0.0,3,29,2018-03-16,2,2.3
DZ Fly Alg√©rie Horaire Vols,29,3.6,114,10.0,10000,0,0.0,0,40,2016-10-31,2,4.0
DS video,30,3.8,12443,0.0,1000000,0,0.0,0,42,2018-08-06,0,0.0
EL NORTE,20,3.4,2436,0.0,100000,0,0.0,0,26,2018-06-26,0,0.0
DT-VR,10,3.8,25,9.5,1000,0,0.0,0,15,2016-08-09,1,2.2
Florida Tech Mobile,10,3.8,87,5.4,5000,0,0.0,0,13,2016-09-13,5,4.1
Barbie Life‚Ñ¢,10,3.9,133117,63.0,5000000,0,0.0,0,9,2018-07-12,2,4.1
My EF,10,3.3,4114,14.0,100000,0,0.0,0,13,2018-07-10,3,4.2
Free Foreclosure Real Estate Search by USHUD.com,15,3.4,287,27.0,100000,0,0.0,0,20,2018-05-29,2,4.4
ChatBot AI Talking Girl,10,3.8,3597,25.0,100000,0,0.0,1,15,2018-07-31,1,4.029999999999999
Dr. 2048,10,3.9,1985,3.5,500000,0,0.0,0,31,2017-12-30,1,4.1
Transenger ‚Äì Ts Dating and Chat for Free,6,3.6,8,14.0,1000,0,0.0,2,12,2018-07-29,1,4.4
WFLA News Channel 8 - Tampa FL,20,3.8,133,14.0,10000,0,0.0,0,26,2018-07-18,v4,5.0
Elkhart County 4-H Fair,10,3.9,38,42.0,5000,0,0.0,0,15,2018-04-06,5055,4.1
Fish|Hunt FL,17,3.6,853,34.0,100000,0,0.0,0,22,2018-03-22,3,4.1
ES Remote,10,3.3,707,15.0,100000,0,0.0,0,15,2014-11-20,2,2.3
The Grand Bike V,10,3.8,3478,95.0,1000000,0,0.0,0,35,2018-02-24,4,4.1
AL.com,20,3.4,803,8.0,50000,0,0.0,1,26,2018-07-23,3,4.1
Soccer FC,27,3.9,6289,33.0,1000000,0,0.0,0,37,2016-07-21,1,2.3
JH Blood Pressure Monitor,19,3.7,9,2.9,500,0,0.0,0,24,2018-07-21,1,4.029999999999999
CVS Caremark,19,3.5,3707,10.0,500000,0,0.0,0,24,2018-07-28,4,4.4
Dino in City-Dinosaur N Police,10,3.7,10035,30.0,1000000,0,0.0,3,35,2018-05-23,2,4.1
Wisepilot for XPERIA‚Ñ¢,29,3.7,21443,0.0,5000000,0,0.0,0,40,2018-01-30,0,0.0
DS Speedometer & Odometer,18,3.9,22382,6.6,1000000,0,0.0,0,23,2018-03-22,6,2.33
Cricket Visual Voicemail,5,3.9,13698,5.1,10000000,0,0.0,0,11,2018-07-02,3,4.1
Snowboard Racing Free Fun Game,13,3.8,4552,43.0,100000,0,0.0,0,32,2016-10-26,1,2.33
Il Coccodrillo Come Fa,10,3.4,17,0.246,1000,0,0.0,0,15,2014-11-21,1,4.0
HealtheLife,19,3.6,190,7.7,100000,0,0.0,0,24,2018-01-02,2,4.4
bgtime.tv,30,3.4,694,0.0,50000,0,0.0,0,42,2018-07-27,0,0.0
11st,25,3.8,48732,20.0,10000000,0,0.0,0,34,2018-07-31,7,4.0
ACTIVEON CX & CX GOLD,30,3.3,439,35.0,50000,0,0.0,0,42,2016-03-04,0,4.0
Socrative Teacher,7,3.9,1239,1.8,100000,0,0.0,0,13,2016-07-29,4,3.2
Google Assistant Go,28,3.7,315,4.6,500000,0,0.0,0,39,2018-07-27,1,8.0
Codes for GTA San Andreas,10,3.8,12414,13.0,1000000,0,0.0,0,15,2017-08-04,1,4.1
Hypertension High blood pressure,19,3.8,292,2.7,100000,0,0.0,0,24,2018-04-16,43,4.029999999999999
Shred! Downhill Mountainbiking,13,3.9,41683,63.0,1000000,0,0.0,0,2,2017-02-02,1,2.3
DS router,28,3.8,253,15.0,50000,0,0.0,0,39,2018-06-13,1,4.1
Soccer 2018,27,3.5,172373,47.0,10000000,0,0.0,0,37,2018-07-12,1,4.3
Anno: Build an Empire,10,3.5,33944,28.0,1000000,0,0.0,1,38,2016-03-10,2,4.1
Patron DB,28,3.9,64,4.1,5000,0,0.0,0,39,2017-06-01,1,4.4
THE aMAZEing Labyrinth,10,3.9,1615,1.2,10000,1,4.99,0,5,2016-02-09,1,4.0
DP Creator for WhatsApp,23,3.8,4813,5.1,100000,0,0.0,0,29,2016-03-19,1,2.2
Navigator PRO - GPS Navigation with Offline Maps,29,3.6,892,70.0,50000,1,2.49,0,40,2018-08-01,1,4.0
Autool BT-BOX,28,3.5,4,17.0,500,0,0.0,0,39,2018-05-12,1,4.3
Car Crash III Beam DH Real Damage Simulator 2018,13,3.6,151,100.0,10000,0,0.0,0,32,2018-05-20,1,4.1
Dating.dk,26,3.7,2111,11.0,100000,0,0.0,2,36,2018-08-06,4,4.4
TracFone My Account,5,3.6,20769,18.0,1000000,0,0.0,0,11,2018-07-11,R6,4.1
CP Federal Mobile,11,3.6,180,35.0,10000,0,0.0,0,17,2017-10-06,7,4.2
AR Toybox - Augmented Reality Demos,10,3.8,20,36.0,1000,0,0.0,0,35,2017-08-17,1,4.1
Smokes for CS:GO,10,3.9,3253,3.6,100000,0,0.0,0,15,2015-04-10,1,2.2
Zagat,29,3.1,2528,0.0,100000,0,0.0,0,40,2016-07-14,0,0.0
Artificial Intelligence,10,3.9,339,4.2,50000,0,0.0,0,13,2018-04-05,6,4.0
Bloglovin',26,3.9,8936,0.0,500000,0,0.0,0,36,2017-05-18,0,0.0
Fit the Fat 2,27,3.8,35746,55.0,5000000,0,0.0,0,37,2017-12-15,1,4.029999999999999
McDonald's,12,3.6,145323,42.0,10000000,0,0.0,0,18,2018-07-31,5,4.4
SDV Cam,28,3.2,67,65.0,10000,0,0.0,0,39,2017-06-02,1,4.029999999999999
Five nights at Minecraft,10,3.5,9335,12.0,1000000,0,0.0,0,15,2017-11-26,1,4.029999999999999
Assassin's Creed Identity,13,3.7,42529,92.0,500000,1,1.99,3,0,2016-11-23,2,4.1
CZ-Cyberon Voice Commander,28,3.8,131,3.3,1000,1,5.99,0,39,2017-03-07,3,2.2
NCAA Sports,27,3.9,4272,16.0,500000,0,0.0,0,37,2018-04-23,3,4.1
Allegiant,29,3.1,5572,21.0,1000000,0,0.0,0,40,2018-07-12,5,4.4
The League,6,3.0,837,9.4,100000,0,0.0,2,12,2018-07-16,1,4.4
CN Summer Challenge,10,3.7,985,49.0,100000,0,0.0,0,15,2018-05-24,1,4.4
I am rich,17,3.8,3547,1.8,100000,1,399.99,0,22,2018-01-12,2,4.029999999999999
R Programming Solution,10,3.9,169,7.7,10000,0,0.0,0,13,2016-06-20,1,4.0
Photo Background Changer 2018 - Blur Background,17,3.7,34079,9.2,5000000,0,0.0,0,22,2018-05-21,Arrow-202,4.1
Cook'n Recipe App,17,3.4,552,22.0,10000,0,0.0,0,22,2018-08-02,3,4.4
Penny Puss,28,3.0,19,22.0,1000,1,4.99,0,39,2016-07-09,1,4.0
How well do you know me?,13,3.9,1290,6.4,100000,0,0.0,0,44,2018-07-26,2,4.1
"Talking Pictures: Autism, CP",19,3.9,22,0.801,5000,0,0.0,0,24,2017-03-06,1,3.0
Ad Detect Plugin - Handy Tool,24,3.8,5107,1.4,500000,0,0.0,0,30,2015-12-28,1,2.3
BN Pro LcdD Legacy Text,16,3.9,71,0.412,10000,0,0.0,0,21,2017-02-05,2,1.6
Luxury Car Simulator,10,3.9,35989,46.0,1000000,0,0.0,0,35,2015-08-07,2,2.33
DSLR Blur Camera Auto Focus,28,3.3,75,4.7,10000,0,0.0,0,39,2018-06-07,1,4.029999999999999
Nursing Care Plan NANDA Tables,19,3.0,4,3.4,500,1,0.99,0,24,2017-05-09,1,2.33
Comedy Central,8,3.9,22378,19.0,1000000,0,0.0,3,15,2018-07-08,11,4.4
Be A Legend: Soccer,27,3.8,85763,21.0,1000000,0,0.0,0,37,2015-08-24,2,3.0
Digital TV,8,3.1,5241,0.0,5000000,0,0.0,0,15,2018-06-06,0,6.0
News 5 Cleveland,20,3.7,1032,0.0,100000,0,0.0,0,26,2018-07-05,0,0.0
Free Cam Girls - Live Webcam,6,3.5,35,16.0,1000,0,0.0,2,12,2018-07-16,2,4.029999999999999
Q MINDshare Mobile,3,3.4,24,0.0,10000,0,0.0,0,7,2018-04-02,0,0.0
TN Patta Citta & EC,2,3.8,48,1.5,10000,0,0.0,0,6,2018-03-27,1,3.0
Samsung Notes,24,3.9,15368,0.0,100000000,0,0.0,0,30,2018-01-22,0,0.0
Public Digital Library,16,3.9,2087,0.0,50000,0,0.0,0,21,2018-07-30,0,0.0
SVT Play,30,3.7,11549,0.0,1000000,0,0.0,3,42,2018-07-13,0,0.0
DJ Music Pad,10,3.6,35121,5.1,5000000,0,0.0,0,15,2018-05-22,1,4.0
Nuke Em All,10,3.4,2714,52.0,500000,0,0.0,2,9,2017-11-19,1,4.1
Scratch Logo Quiz. Challenging brain puzzle,13,3.3,152102,18.0,10000000,0,0.0,3,41,2018-06-30,4,4.1
SilverSingles: The 50+ Dating App,6,3.3,149,16.0,10000,0,0.0,2,12,2018-07-31,4,4.029999999999999
Encumbrance Certificate - (Obsolete),3,3.9,184,0.048,50000,0,0.0,0,7,2014-08-12,1,2.3
AMBW Dating App: Asian Men Black Women Interracial,6,3.5,2,17.0,100,1,7.99,2,12,2017-01-21,1,4.0
AC Remote for Haier - NOW FREE,28,3.9,336,27.0,50000,0,0.0,0,39,2018-07-30,6,4.2
BTNotification,28,3.9,15665,0.373,5000000,0,0.0,0,39,2016-07-08,1,4.0
Frontback - Social Photos,26,3.8,19446,0.0,1000000,0,0.0,2,36,2017-12-01,3,4.029999999999999
Agenda EF,10,3.4,79,33.0,5000,0,0.0,0,13,2015-05-27,1,3.0
Avatar Musik,13,3.8,159063,85.0,1000000,0,0.0,0,25,2018-02-09,0,4.0
Power Plug EV charger,18,3.7,13,3.9,1000,0,0.0,0,23,2014-12-22,1,2.33
Heart Surgery Doctor - ER Emergency Game,10,3.9,2510,48.0,500000,0,0.0,1,14,2018-07-19,2,4.1
NOOK Audiobooks,2,3.5,2539,8.6,500000,0,0.0,0,6,2018-07-26,v1,4.1
TwitCasting Live,26,3.6,14835,0.0,1000000,0,0.0,3,36,2018-08-02,0,0.0
LA Times: Your California News,20,3.6,3311,10.0,100000,0,0.0,0,26,2018-04-24,4,4.2
Crazy Freekick,27,3.9,47688,17.0,5000000,0,0.0,0,37,2016-05-18,1,2.3
TeachersPayTeachers,7,3.8,828,0.0,100000,0,0.0,0,13,2017-10-01,0,0.0
EZ Usenet for Easynews¬Æ,30,3.9,244,0.0,10000,0,0.0,0,42,2016-06-23,0,0.0
Z Day: Hearts of Heroes,10,3.9,5894,67.0,1000000,0,0.0,1,38,2018-07-11,1,4.029999999999999
myAT&T,24,3.7,80816,0.0,50000000,0,0.0,0,30,2018-07-18,0,5.0
FarmersOnly Dating,6,3.0,1146,1.4,100000,0,0.0,2,12,2016-02-25,2,4.0
BEBONCOOL GAMEPAD V1.0,13,3.9,404,2.2,100000,0,0.0,0,2,2017-08-30,1,4.0
"Job CV Maker-Portfolio Maker , Resume Maker",10,3.9,139,4.8,50000,0,0.0,0,13,2018-07-16,2,4.029999999999999
Howlr,6,3.9,105,27.0,5000,0,0.0,2,12,2018-06-19,1,4.4
Droid Zap by Motorola,30,3.8,2093,0.0,5000000,0,0.0,0,42,2015-02-03,0,0.0
Circle ratio,18,3.7,10562,60.0,1000000,0,0.0,0,23,2018-08-03,04,4.4
Pregnant Emergency Surgery,10,3.8,127229,34.0,10000000,0,0.0,0,9,2017-09-07,1,4.0
Larry H Miller Automotive,24,3.1,67,8.3,10000,0,0.0,0,30,2018-07-18,3,4.029999999999999
SnowMobile Parking Adventure,13,3.6,12257,49.0,1000000,0,0.0,0,32,2016-09-09,1,2.3
I Am Rich,10,3.6,217,4.9,10000,1,389.99,0,15,2018-06-22,1,4.2
Math games for kids : times tables - AB Math,10,3.9,2371,8.3,500000,0,0.0,0,14,2018-07-27,3,4.029999999999999
Preferences Manager and SQLite DB Viewer,28,3.5,13,3.0,1000,0,0.0,0,39,2017-07-18,1,4.0
Check Vehicle Tax,1,3.9,295,2.7,10000,0,0.0,0,4,2018-07-30,0,4.4
Hypertension Hi blood pressure,19,3.8,292,2.7,100000,0,0.0,0,24,2018-04-16,43,4.029999999999999
RetroArch,13,3.8,21423,84.0,1000000,0,0.0,0,0,2018-05-04,1,2.3
J.ME Fly,10,3.9,28,98.0,1000,0,0.0,0,15,2018-05-31,0,4.4
Smart Wi-Fi Hotspot PRO,5,3.7,197,0.957,10000,1,2.99,0,11,2016-02-10,1,2.2
Rande.cz,26,3.2,398,2.2,50000,0,0.0,2,36,2014-12-03,1,2.33
Intesa Sanpaolo Mobile,11,3.6,35518,0.0,1000000,0,0.0,0,17,2018-07-02,0,0.0
"Freeform ‚Äì Stream Full Episodes, Movies, & Live TV",10,3.7,29229,0.0,1000000,0,0.0,3,15,2018-08-06,0,0.0
World Webcams,31,3.7,7896,0.0,1000000,0,0.0,0,43,2013-11-25,1,0.0
Vimeo,10,3.9,85578,0.0,10000000,0,0.0,3,15,2018-08-01,0,0.0
"O Multiple - App Cloner, Duals APP, tarallel",28,3.9,145,5.2,50000,0,0.0,0,39,2018-05-15,1,4.1
Throw Knife,10,3.7,291,37.0,100000,0,0.0,0,35,2017-09-14,2,4.1
BI-LO,17,3.5,43,30.0,10000,0,0.0,0,22,2018-07-11,2,4.1
AC Remote for Samsung - NOW FREE,28,3.7,566,27.0,100000,0,0.0,0,39,2018-07-30,6,4.2
Vegetable Fun,21,3.9,3182,46.0,1000000,0,0.0,0,27,2018-06-15,8,4.029999999999999
EZ Utilities Extension,28,3.9,33,0.473,5000,0,0.0,0,39,2016-05-05,9,6.0
CHRONO TRIGGER (Upgrade Ver.),10,3.8,11250,6.3,100000,1,9.99,1,33,2018-06-12,2,4.2
Good room network fast rent,15,3.7,2758,8.6,500000,0,0.0,0,20,2018-06-25,4,4.0
DS Barometer - Altimeter and Weather Information,31,3.9,2962,4.2,100000,0,0.0,0,43,2018-07-09,3,2.33
Ek Kahani Aisi Bhi Season 3 - The Horror Story,10,3.0,1,5.8,100,0,0.0,3,15,2018-07-21,1,5.0
Q Wunder,10,3.8,156,43.0,10000,0,0.0,0,13,2018-06-30,2,4.1
MYCU TX Mobile Banking,11,3.0,4,0.0,100,0,0.0,0,17,2018-08-01,1,0.0
CX_WiFiUFO,27,3.7,818,5.3,100000,0,0.0,0,37,2016-06-08,4,4.0
BL Driver,18,3.9,230,12.0,10000,0,0.0,0,23,2018-07-13,2,4.1
EZ View,3,3.0,287,9.8,50000,0,0.0,0,7,2015-10-26,1,4.0
du app,17,3.5,7578,25.0,1000000,0,0.0,0,22,2018-07-24,3,4.2
BQ Scanner,28,3.0,2,2.7,100,0,0.0,0,39,2017-10-10,1,4.4
How to draw Ladybug and Cat Noir,0,3.8,564,9.2,100000,0,0.0,0,3,2018-07-11,2,4.1
BN Pro LcdD-b HD Text,16,3.9,131,0.429,10000,0,0.0,0,21,2017-02-05,2,1.6
AC Remote For LG,28,3.0,1298,3.4,100000,0,0.0,0,39,2018-02-20,1,4.0
HTC Service Ôºç DLNA,30,3.9,3484,3.0,10000000,0,0.0,0,42,2015-12-03,7,5.0
Neighborhoods & Apartments,17,3.9,2042,3.0,100000,0,0.0,0,22,2015-08-28,3,4.0
Crackle - Free TV & Movies,8,3.7,388089,0.0,10000000,0,0.0,3,15,2018-04-12,0,0.0
Moven - Smart Finances,11,3.8,861,17.0,100000,0,0.0,0,17,2018-05-29,3,4.4
FANDOM for: GTA,10,3.9,39038,9.5,5000000,0,0.0,2,15,2018-06-06,2,4.4
Deep Sleep Battery Saver Pro,28,3.9,1417,2.9,10000,1,3.28,0,39,2017-08-15,5,4.1
Moto LED for Moto X & E [Root],17,3.4,4082,0.318,500000,0,0.0,0,22,2014-10-16,1,4.2
BSPlayer,30,4.2,4585,0.0,50000,1,5.99,0,42,2018-03-30,0,0.0
Baldur's Gate II,10,4.3,5442,16.0,50000,1,9.99,3,33,2018-06-28,2,3.0
Smart File Manager,24,4.2,17415,4.1,1000000,0,0.0,0,30,2018-07-05,3,4.0
La Liga - Spanish Soccer League Official,27,4.5,180938,29.0,10000000,0,0.0,0,37,2018-07-24,6,4.029999999999999
Tiny Flashlight + LED,28,4.4,4254879,0.0,100000000,0,0.0,0,39,2018-07-08,0,0.0
Princess Palace: Royal Pony,10,4.4,11442,66.0,1000000,0,0.0,0,14,2016-06-30,1,2.3
Cx File Explorer,28,4.7,175,4.3,10000,0,0.0,0,39,2018-07-28,1,5.0
Golden Launcher,22,4.4,32794,12.0,5000000,0,0.0,0,28,2018-07-31,1,4.2
CP Clicker,17,4.2,251,5.0,10000,0,0.0,0,22,2018-03-22,3,4.1
Ek Maratha,26,4.8,725,3.7,10000,0,0.0,3,36,2016-10-12,7,2.2
Do It Later: Tasks & To-Dos,24,4.5,123412,0.0,50000000,0,0.0,0,30,2018-04-13,0,0.0
GLASS GO Launcher EX Theme,22,4.2,18280,6.0,1000000,0,0.0,0,28,2015-01-08,1,1.6
Dungeon Boss ‚Äì Strategy RPG,10,4.4,218881,37.0,5000000,0,0.0,1,33,2018-03-28,0,4.029999999999999
Slickdeals: Coupons & Shopping,25,4.5,33583,12.0,1000000,0,0.0,0,34,2018-07-30,3,4.4
Hausa Radio,20,4.4,3375,4.2,100000,0,0.0,0,26,2018-07-31,4,4.1
join.me - Simple Meetings,3,4.0,6989,0.0,1000000,0,0.0,0,7,2018-07-16,4,4.4
Google Ads,3,4.3,29313,20.0,5000000,0,0.0,0,7,2018-07-30,1,4.029999999999999
Quick PDF Scanner + OCR FREE,3,4.2,80804,0.0,5000000,0,0.0,0,7,2018-02-26,0,4.029999999999999
Denis Brogniart - AH !,10,4.5,2931,0.818,100000,0,0.0,0,15,2017-08-04,1,4.2
Deep Sleep and Relax Hypnosis,19,4.2,4852,34.0,100000,0,0.0,0,24,2013-10-22,1,2.2
Font Studio- Photo Texts Image,23,4.2,197295,24.0,10000000,0,0.0,0,29,2017-06-23,4,4.0
CJ WOW SHOP,25,4.2,2099,4.0,100000,0,0.0,0,34,2017-12-23,1,4.029999999999999
I Can't Wake Up!,28,4.7,963,3.7,10000,1,2.99,0,39,2018-05-25,3,4.0
Guide for CS:GO,10,4.4,16459,88.0,500000,0,0.0,0,15,2017-07-15,3,2.3
Dezeen Magazine RSS Reader,20,4.3,350,14.0,10000,0,0.0,0,26,2018-07-22,3,4.2
learn c in hindi,10,4.3,109,2.7,5000,0,0.0,0,13,2017-06-24,4,4.0
Home Scouting¬Æ MLS Mobile,17,4.3,1533,7.7,100000,0,0.0,0,22,2016-09-27,2,2.2
BK Photography,23,4.3,20,4.8,1000,0,0.0,0,29,2017-01-06,0,2.3
"KVAD Camera +: Selfie, Photo Filter, Grids",23,4.1,23440,30.0,1000000,0,0.0,0,29,2018-07-11,1,4.0
Tumblr,26,4.4,2953886,0.0,100000000,0,0.0,2,36,2018-08-01,0,0.0
Journal Club: Medicine,19,4.8,216,0.0,10000,1,6.99,0,24,2017-06-17,0,0.0
Bubble Bird Rescue,10,4.2,70753,14.0,5000000,0,0.0,0,31,2018-08-07,1,4.029999999999999
"Mappy - Plan, route comparison, GPS",18,4.1,15922,0.0,1000000,0,0.0,0,23,2018-07-26,0,0.0
"Priceline Hotel Deals, Rental Cars & Flights",29,4.4,48930,15.0,5000000,0,0.0,0,40,2018-07-26,4,4.4
Meetup,26,4.2,79129,23.0,5000000,0,0.0,3,36,2018-08-02,3,4.4
Drink-O-Tron The Drinking Game,13,4.1,140,45.0,50000,0,0.0,2,8,2017-05-31,1,4.029999999999999
FG On-The-Go,28,4.9,55,25.0,1000,0,0.0,0,39,2018-06-29,2,4.1
Real Racing 3,10,4.5,354384,71.0,10000000,0,0.0,0,32,2018-07-02,6,4.1
"Shutterfly: Free Prints, Photo Books, Cards, Gifts",23,4.6,98716,59.0,5000000,0,0.0,0,29,2018-08-01,5,5.0
3DAnimeGirl DX DreamPortrait KAWAII Girl DressUp,10,4.2,449,56.0,10000,0,0.0,3,9,2018-02-16,1,4.0
Dr. Oetker recipe ideas,12,4.2,8509,17.0,1000000,0,0.0,0,18,2018-07-12,3,4.029999999999999
"edX - Online Courses by Harvard, MIT & more",7,4.6,32380,10.0,1000000,0,0.0,1,13,2018-07-15,2,4.1
Extreme Racing 2 - Real driving RC cars game!,10,4.3,4207,93.0,500000,0,0.0,0,32,2017-08-31,1,4.1
CI Screwed - Icon Pack,22,4.7,19,6.4,1000,0,0.0,0,28,2016-06-30,1,4.029999999999999
Airway Ex - Intubate. Anesthetize. Train.,19,4.3,123,86.0,10000,0,0.0,0,24,2018-06-01,0,5.0
Czech Public Transport IDOS,18,4.3,26014,7.7,1000000,0,0.0,0,23,2017-11-06,2,4.029999999999999
COOKING MAMA Let's Cook!,10,4.3,528745,59.0,10000000,0,0.0,0,14,2018-07-26,1,4.1
Angry Birds Epic RPG,10,4.5,2634605,63.0,10000000,0,0.0,0,33,2018-07-18,3,4.4
H*nest Meditation,17,4.9,145,48.0,5000,1,1.99,2,22,2016-04-07,1,4.029999999999999
Home Workout - No Equipment,14,4.8,428156,15.0,10000000,0,0.0,0,19,2018-06-28,0,0.0
Teacher's Gradebook - Additio,7,4.2,3241,16.0,100000,0,0.0,0,13,2018-08-01,4,4.029999999999999
JetBlue,29,4.4,24281,29.0,1000000,0,0.0,0,40,2018-07-25,4,4.4
aCalendar - Android Phone,24,4.4,80119,0.0,10000000,0,0.0,0,30,2018-06-25,0,0.0
"Fabulous: Motivate Me! Meditate, Relax, Sleep",14,4.6,205299,31.0,5000000,0,0.0,0,19,2018-07-16,3,4.1
"TickTick: To Do List with Reminder, Day Planner",24,4.6,25370,0.0,1000000,0,0.0,0,30,2018-08-06,0,0.0
Identity V,13,4.2,109263,38.0,1000000,0,0.0,3,0,2018-07-10,1,4.1
Telegram,5,4.4,3128509,0.0,100000000,0,0.0,2,11,2018-07-27,0,0.0
Puffin Web Browser,5,4.3,541389,0.0,10000000,0,0.0,0,11,2018-07-09,7,4.1
SHAREit - Transfer & Share,28,4.6,7790693,17.0,500000000,0,0.0,0,39,2018-07-30,4,4.1
Arabic Alif Ba Ta For Kids,10,4.5,226,26.0,100000,0,0.0,0,13,2017-05-30,1,2.3
CP Calculator,10,4.1,187,2.9,10000,0,0.0,0,15,2016-09-13,3,4.1
Mobizen Screen Recorder for SAMSUNG,30,4.4,953894,37.0,10000000,0,0.0,0,42,2018-04-26,3,0.0
"Carousell: Snap-Sell, Chat-Buy",25,4.3,125783,0.0,10000000,0,0.0,3,34,2018-08-06,0,0.0
Simple - Better Banking,11,4.4,7731,24.0,100000,0,0.0,0,17,2018-08-02,2,5.0
"Stickers for Imo, fb, whatsapp",26,4.4,214,8.7,10000,0,0.0,3,36,2016-10-23,1,2.3
Block! Hexa Puzzle‚Ñ¢,10,4.5,472247,0.0,50000000,0,0.0,0,31,2018-07-31,1,4.1
"Carousell: Snap-Sell, Chat-Buy",25,4.3,125783,0.0,10000000,0,0.0,3,34,2018-08-06,0,0.0
Hinge: Dating & Relationships,6,4.2,7779,12.0,500000,0,0.0,2,12,2018-08-03,6,5.0
50 Healthy Slow Cooker Recipes,12,4.0,196,9.0,10000,0,0.0,1,18,2017-02-17,1,2.33
"AOL - News, Mail & Video",20,4.1,62465,0.0,5000000,0,0.0,1,26,2018-08-02,0,0.0
slither.io,13,4.4,5231553,0.0,100000000,0,0.0,0,0,2017-11-14,0,2.3
Flipp - Weekly Shopping,25,4.6,85858,0.0,10000000,0,0.0,0,34,2018-07-30,0,0.0
LINE: Free Calls & Messages,5,4.2,10790289,0.0,500000000,0,0.0,0,11,2018-07-26,0,0.0
Berlin Subway ‚Äì BVG U-Bahn & S-Bahn map and routes,18,4.4,509,17.0,100000,0,0.0,0,23,2018-06-06,1,5.0
Dr. Panda Art Class,10,4.2,1013,58.0,50000,1,2.99,0,13,2017-04-26,1,4.0
Beautiful Widgets Pro,22,4.2,97890,14.0,1000000,1,2.49,0,28,2016-08-24,5,2.3
Flipkart Online Shopping App,25,4.4,6012719,0.0,100000000,0,0.0,3,34,2018-08-06,0,0.0
Screen Off and Lock,28,4.1,172990,0.525,10000000,0,0.0,0,39,2017-12-02,1,2.2
Blur,23,4.0,9013,2.4,1000000,0,0.0,0,29,2018-06-18,4,4.4
How it Works: FN SCAR assault rifle,10,4.6,44,45.0,10000,0,0.0,0,9,2018-01-09,2,4.029999999999999
Pocket Yoga,14,4.4,2107,0.0,100000,1,2.99,0,19,2015-12-22,0,0.0
Apex Launcher,22,4.3,266402,0.0,10000000,0,0.0,0,28,2018-08-04,0,0.0
"My Handbook : EE, EC, EI, E&T, EEE, EECS",10,4.5,3776,7.7,100000,0,0.0,0,13,2017-07-24,8,4.0
Dubai Racing,13,4.2,16237,23.0,500000,0,0.0,0,32,2015-12-23,1,2.3
Baby Panda Musical Genius,21,4.0,3346,37.0,1000000,0,0.0,0,27,2018-06-15,8,4.029999999999999
AG Subway Simulator Lite,10,4.4,6738,56.0,100000,0,0.0,0,35,2018-06-08,1,4.1
Bo Aung Din,9,4.1,110,2.6,5000,0,0.0,3,16,2018-06-05,Version 1,4.029999999999999
BG Products,1,4.8,4,4.5,500,0,0.0,0,4,2017-11-28,1,5.0
Dog Run - Pet Dog Simulator,10,4.7,48701,24.0,10000000,0,0.0,0,35,2018-05-22,1,4.1
Koi Free Live Wallpaper,22,4.2,290241,4.1,50000000,0,0.0,0,28,2014-06-24,1,2.1
Kids Educational Game 3 Free,10,4.3,24936,38.0,5000000,0,0.0,0,14,2018-05-16,3,4.1
LIVE VIDEO TALK,6,4.7,478,4.5,10000,0,0.0,2,12,2018-06-28,8,4.029999999999999
Oxford Dictionary of English : Free,2,4.1,364452,7.1,10000000,0,0.0,0,6,2018-07-11,9,4.1
VLC for Android,30,4.4,1031045,0.0,100000000,0,0.0,0,42,2018-07-30,0,2.3
The Wall Street Journal: Business & Market News,20,4.1,40975,36.0,1000000,0,0.0,1,26,2018-08-02,4,4.1
iBP Blood Pressure,19,4.4,578,0.704,10000,1,0.99,0,24,2014-11-30,7,2.2
BL Community Icon Pack,22,4.0,289,2.7,10000,0,0.0,0,28,2013-05-06,1,2.1
Home Security Camera WardenCam - reuse old phones,15,4.3,43847,0.0,1000000,0,0.0,0,20,2018-07-06,0,0.0
Cops N Robbers,13,4.0,37789,58.0,1000000,0,0.0,3,1,2018-06-06,1,4.1
Free Fur All ‚Äì We Bare Bears,10,4.2,256916,25.0,10000000,0,0.0,0,2,2015-10-08,1,4.0
"m, cm, mm to yard, feet, inch converter tool",28,4.3,246,2.8,100000,0,0.0,0,39,2018-02-06,1,4.0
CM AppLock,28,4.1,843,3.6,100000,0,0.0,0,39,2016-02-25,2,4.0
Gun Shoot War Q,13,4.2,26893,20.0,1000000,0,0.0,3,2,2017-03-01,1,2.3
LiveScore: Live Sport Updates,27,4.4,283662,0.0,10000000,0,0.0,0,37,2018-06-15,0,4.1
Sports Alerts - NFL edition,27,4.6,11549,0.0,100000,0,0.0,0,37,2018-07-07,0,0.0
Power Rangers: Legacy Wars,13,4.3,264755,91.0,10000000,0,0.0,3,0,2018-07-17,2,4.0
Dolphins Live Wallpaper,22,4.2,25807,5.5,1000000,0,0.0,0,28,2017-10-29,15,4.1
Quotes,16,4.4,58,15.0,10000,0,0.0,0,21,2018-07-06,1,4.029999999999999
Google Pay,11,4.2,347838,0.0,100000000,0,0.0,0,17,2018-07-26,2,0.0
"Chispa, the Dating App for Latino, Latina Singles",6,4.2,4195,24.0,100000,0,0.0,2,12,2018-07-25,1,4.4
English Grammar Test,10,4.6,104676,2.6,5000000,0,0.0,0,13,2018-07-18,1,4.0
Get Free V-bucks_fortnite Hints,10,4.7,1997,1.8,5000,0,0.0,0,15,2018-07-21,1,4.4
B612 - Beauty & Filter Camera,23,4.4,5282558,0.0,100000000,0,0.0,0,29,2018-07-30,7,4.3
Design Home,10,4.4,539931,69.0,10000000,0,0.0,0,35,2018-08-06,1,4.2
"Hily: Dating, Chat, Match, Meet & Hook up",6,4.1,2560,56.0,100000,0,0.0,2,12,2018-08-01,2,4.1
Theme for Iphone X Plus,22,4.0,126,8.0,10000,0,0.0,0,28,2017-10-19,1,2.33
Bhuiyan Land Records Chhattisgarh (CG),20,4.5,12,2.9,5000,0,0.0,0,26,2018-02-03,1,4.1
EMT Study - NREMT Test Prep,19,4.3,35,0.862,5000,1,3.99,0,24,2014-12-03,1,4.029999999999999
Deportivo Toluca FC,27,4.7,2317,5.9,50000,0,0.0,0,37,2018-07-26,2,5.0
All States Ag Parts,25,4.7,68,6.5,10000,0,0.0,0,34,2018-01-25,5,5.0
Google Allo,5,4.3,346980,0.0,10000000,0,0.0,0,11,2018-01-23,0,4.1
AP Mobile - Breaking News,20,4.5,76677,4.6,1000000,0,0.0,1,26,2017-05-25,4,4.0
Get 'Em,13,4.1,7904,21.0,500000,0,0.0,1,0,2016-10-26,1,4.029999999999999
Masha and the Bear. Educational Games,10,4.5,46369,33.0,10000000,0,0.0,0,14,2018-07-13,2,4.029999999999999
Google Duo - High Quality Video Calls,5,4.6,2083237,0.0,500000000,0,0.0,0,11,2018-07-31,37,4.4
Bedroom Decorating Ideas,15,4.0,2382,5.9,500000,0,0.0,0,20,2015-04-07,1,3.0
Scarf Fashion Designer,17,4.4,16637,10.0,1000000,0,0.0,0,22,2017-06-18,1,2.3
Calculator,28,4.3,40770,0.0,100000000,0,0.0,0,39,2017-11-21,0,0.0
"Moony Lab - Print Photos, Books & Magnets ‚Ñ¢",23,4.7,1320,9.5,50000,0,0.0,0,29,2018-06-27,2,4.1
Knife Hit,13,4.5,462614,60.0,10000000,0,0.0,0,2,2018-05-22,1,4.029999999999999
Google Voice,5,4.2,171052,0.0,10000000,0,0.0,0,11,2018-08-03,0,0.0
Instachat üòú,26,4.0,80987,25.0,5000000,0,0.0,3,36,2018-07-30,2,4.4
Igitabo cy'Indirimbo,10,4.5,93,1.6,50000,0,0.0,0,15,2018-02-05,INDIRIMBO V,1.6
Cardinal Quest 2,10,4.4,19207,36.0,100000,0,0.0,0,33,2016-09-19,1,2.3
Hambo,13,4.4,125578,17.0,5000000,0,0.0,0,0,2015-07-06,1,2.1
Find a Way: Addictive Puzzle,10,4.8,39480,14.0,500000,0,0.0,0,31,2017-06-16,4,4.1
Nasty Goats,10,4.3,45579,64.0,1000000,0,0.0,0,2,2016-04-14,1,4.0
"CM Launcher 3D - Theme, Wallpapers, Efficient",22,4.6,6700847,17.0,100000000,0,0.0,3,28,2018-08-03,5,4.029999999999999
US Army Training Courses Game,10,4.1,27130,35.0,5000000,0,0.0,0,35,2017-12-08,1,2.3
Free games: Masha and the Bear,10,4.3,34514,60.0,5000000,0,0.0,0,31,2018-07-20,1,4.1
CheckPoints üèÜ Rewards App,25,4.1,23187,25.0,1000000,0,0.0,0,34,2018-06-21,4,4.3
TouchPal Keyboard - Fun Emoji & Android Keyboard,5,4.4,615381,37.0,10000000,0,0.0,2,11,2018-08-02,6,4.029999999999999
Amazon Prime Video,8,4.2,411683,24.0,50000000,0,0.0,3,15,2018-08-02,3,4.1
Be like Bill Generator,10,4.2,67,6.5,5000,0,0.0,3,15,2016-01-29,1,4.029999999999999
SignEasy | Sign and Fill PDF and other Documents,3,4.3,8978,0.0,1000000,0,0.0,0,7,2018-07-25,0,0.0
Android Messages,5,4.2,781810,0.0,100000000,0,0.0,0,11,2018-08-01,0,0.0
AW Screen Recorder No Root,30,4.3,1659,3.7,100000,0,0.0,0,42,2017-07-06,1,5.0
Puffin for Facebook,26,4.0,10743,0.0,500000,0,0.0,3,36,2017-12-28,7,4.1
WiFi-o-Matic,24,4.0,736,6.8,50000,0,0.0,0,30,2018-02-01,1,4.1
Calorie Counter & Diet Tracker,14,4.5,32606,0.0,1000000,0,0.0,0,19,2018-03-22,0,0.0
Theme Android P Black design for LG V30,22,4.4,8,6.2,100,1,1.49,0,28,2018-04-06,1,7.0
El Pollo Loco - Loco Rewards,12,4.0,848,25.0,100000,0,0.0,0,18,2018-02-23,2,4.1
Pregnancy Tracker,14,4.1,2681,6.5,500000,0,0.0,0,19,2018-02-10,37,4.029999999999999
FaceQ,10,4.4,591411,19.0,10000000,0,0.0,3,15,2017-05-16,3,3.0
"Mobile Security: Antivirus, Web Scan & App Lock",24,4.4,574719,20.0,10000000,0,0.0,0,30,2018-07-16,5,4.1
Free Panda Radio Music,2,4.5,418,4.2,100000,0,0.0,0,6,2018-03-27,2,4.1
AC - Tips & News for Android‚Ñ¢,20,4.2,23292,14.0,1000000,0,0.0,1,26,2018-05-24,3,4.1
Euro Truck Driver (Simulator),10,4.4,860078,30.0,10000000,0,0.0,0,35,2018-02-15,1,4.1
Yahoo Fantasy Sports - #1 Rated Fantasy App,27,4.2,277900,0.0,5000000,0,0.0,2,37,2018-08-02,0,0.0
Yandex.Trains,18,4.4,56471,0.0,5000000,0,0.0,0,23,2018-07-31,0,0.0
Instant Ba-dum-tss,10,4.0,13,2.0,1000,0,0.0,0,15,2015-09-23,1,1.6
Ludo Dz,13,4.5,17,28.0,500,0,0.0,0,5,2017-08-27,1,4.1
"Groupon - Shop Deals, Discounts & Coupons",25,4.6,1370749,0.0,50000000,0,0.0,3,34,2018-08-03,0,0.0
IMDb Movies & TV,8,4.2,501498,12.0,100000000,0,0.0,3,15,2018-07-26,0,0.0
Deaf World DW,5,4.3,298,0.0,10000,0,0.0,3,11,2017-11-28,0,4.1
EF Calculator,24,4.7,19,0.0,1000,0,0.0,0,30,2017-09-20,1,0.0
Internet Speed Meter Lite,28,4.5,410303,0.0,10000000,0,0.0,0,39,2016-09-05,0,0.0
Bank Of Cyprus,11,4.1,1514,12.0,100000,0,0.0,0,17,2018-02-14,1,4.1
Next Launcher 3D Theme Hit-B,22,4.4,83,8.6,1000,1,1.7,0,28,2015-08-16,1,2.2
Duaa Ek Ibaadat,2,4.9,122,26.0,5000,0,0.0,0,6,2016-04-10,1,2.2
osmino Wi-Fi: free WiFi,28,4.2,134203,4.1,10000000,0,0.0,0,39,2018-08-07,6,4.4
Contacts,5,4.3,66602,0.0,50000000,0,0.0,0,11,2018-06-26,2,5.0
Camera for Android,23,4.2,240475,9.5,10000000,0,0.0,0,29,2017-11-22,3,4.0
Fever,9,4.0,20611,12.0,1000000,0,0.0,3,16,2018-07-18,4,4.1
8 Ball Pool,13,4.5,14201604,52.0,100000000,0,0.0,0,37,2018-07-31,4,4.029999999999999
FlirtChat - ‚ô•Free Dating/Flirting App‚ô•,6,4.3,2430,13.0,500000,0,0.0,2,12,2018-07-26,12,4.1
Camera ZOOM FX - FREE,23,4.0,88860,6.1,5000000,0,0.0,0,29,2017-04-06,6,2.3
Quran for Android,2,4.7,497826,0.0,10000000,0,0.0,0,6,2018-05-30,0,0.0
Kids Videos,21,4.1,559,6.4,100000,0,0.0,0,27,2018-05-20,1,4.1
All Mental disorders,19,4.5,453,11.0,100000,0,0.0,0,24,2017-07-07,1,4.029999999999999
PAC-MAN,13,4.2,685981,37.0,100000000,0,0.0,0,2,2018-05-15,6,4.1
"Mobizen Screen Recorder - Record, Capture, Edit",24,4.3,1827212,0.0,50000000,0,0.0,0,30,2018-07-31,3,4.4
Dialer theme G Black Gold,22,4.2,33,0.857,500,1,1.49,0,28,2016-01-01,2,4.0
Nasihat - Chalo ae Pyaara,10,4.7,557,6.7,10000,0,0.0,0,13,2015-10-09,1,2.1
mail.co.uk Mail,5,4.2,21,8.7,5000,0,0.0,0,11,2018-07-24,1,4.029999999999999
Contractor City Construction - Heavy Logistics,10,4.2,31,35.0,5000,0,0.0,0,35,2018-06-12,1,4.0
Farm Heroes Saga,13,4.4,7614415,70.0,100000000,0,0.0,0,9,2018-07-26,5,2.3
5 Minute Ab Workouts,14,4.6,2067,8.4,50000,0,0.0,0,19,2018-05-18,2,4.1
Digital Tourist BH Itinerary,29,4.6,19,14.0,500,0,0.0,0,40,2015-10-13,0,2.2
Dating for 50 plus Mature Singles ‚Äì FINALLY,6,4.6,13049,13.0,500000,0,0.0,2,12,2018-07-31,4,4.1
Happy Fruits Bomb - Cube Blast,10,4.5,2150,20.0,500000,0,0.0,0,9,2018-02-01,1,4.029999999999999
BF Abstract 3d Pictures,10,4.2,72,2.5,10000,0,0.0,3,15,2015-06-18,5,3.0
AfterFocus,23,4.2,165224,15.0,10000000,0,0.0,0,29,2016-07-08,2,4.029999999999999
MediaFire,24,4.1,71432,3.8,5000000,0,0.0,0,30,2017-11-01,4,4.1
Helix Jump,13,4.2,1497361,33.0,100000000,0,0.0,0,0,2018-04-09,1,4.1
Paramedic Meds,19,4.5,163,0.375,10000,1,1.99,0,24,2015-08-03,3,1.6
BL Taxi,18,4.9,124,3.4,1000,0,0.0,0,23,2018-03-26,0,0.0
POF Free Dating App,26,4.2,1175815,0.0,50000000,0,0.0,2,36,2018-07-31,0,0.0
Black Commando | Special Ops | FPS Shooting,13,4.1,1167,72.0,100000,0,0.0,3,0,2018-05-03,1,4.1
Bowmasters,13,4.7,1535973,0.0,50000000,0,0.0,3,0,2018-07-23,2,4.1
BU Calculator,10,4.6,69,3.1,1000,0,0.0,0,13,2017-07-24,2,4.029999999999999
ASOS,25,4.7,181798,22.0,10000000,0,0.0,0,34,2018-07-30,4,4.4
Dr. Panda Town,10,4.0,36578,0.0,1000000,0,0.0,0,13,2018-08-03,0,0.0
Skype - free IM & video calls,5,4.1,10484169,0.0,1000000000,0,0.0,0,11,2018-08-03,0,0.0
B612 - Beauty & Filter Camera,23,4.4,5276983,0.0,100000000,0,0.0,0,29,2018-07-30,7,4.3
Fu*** Weather (Funny Weather),31,4.7,20001,0.0,1000000,0,0.0,2,43,2018-07-26,0,0.0
SAMSUNG RETAILMODE 2018,16,4.3,6,5.5,10000,0,0.0,0,21,2018-08-03,8,4.2
Homestyler Interior Design & Decorating Ideas,17,4.1,78298,29.0,5000000,0,0.0,0,22,2018-08-02,3,4.1
ROBLOX,10,4.5,4443407,67.0,100000000,0,0.0,1,1,2018-07-31,2,4.1
HISTORY: Watch TV Show Full Episodes & Specials,8,4.1,33387,20.0,1000000,0,0.0,3,15,2018-07-16,3,4.4
Call Blocker & Blacklist,5,4.0,6,4.2,1000,0,0.0,0,11,2018-07-13,3,4.0
Makeup Editor -Beauty Photo Editor & Selfie Camera,23,4.5,3378,30.0,1000000,0,0.0,2,29,2018-07-25,1,4.1
The dollar in mexico,11,4.5,4254,3.2,100000,0,0.0,0,17,2017-08-29,2,4.0
CV EXAMPLES,3,4.1,423,20.0,100000,0,0.0,0,7,2018-06-07,11,4.029999999999999
Fulham FC,27,4.3,401,2.8,10000,0,0.0,0,37,2017-08-09,5,2.3
Ovia Fertility Tracker & Ovulation Calculator,19,4.8,53743,13.0,1000000,0,0.0,0,24,2018-07-27,0,4.3
Gardenscapes,13,4.6,4129665,0.0,50000000,0,0.0,0,9,2018-07-13,2,4.029999999999999
"Stop, Breathe & Think: Meditation & Mindfulness",14,4.3,8576,0.0,1000000,0,0.0,0,19,2018-07-28,0,0.0
Br Shafi,10,4.9,1288,26.0,10000,0,0.0,0,13,2018-07-11,1,4.1
WFVS 2018 | WhatApp Full Video Status & Downloader,24,4.3,596,22.0,50000,0,0.0,0,30,2018-07-04,1,4.1
Truck Driver Cargo,13,4.1,257531,44.0,10000000,0,0.0,1,32,2018-01-18,7,4.1
TravelPirates,29,4.8,43054,0.0,1000000,0,0.0,0,40,2018-08-06,0,0.0
X Home Bar - Free,28,4.6,4210,1.9,100000,0,0.0,0,39,2018-06-18,1,4.1
T-shirt design - Snaptee,17,4.2,29756,45.0,1000000,0,0.0,0,22,2018-07-19,1,4.1
